id,name,link
id,name,link
The Complete Guide to Web Scraping with Java - WebScrapingAPI///pricing/bloghttps://docs.webscrapingapi.com//contacthttps://app.webscrapingapi.com/loginhttps://app.webscrapingapi.com/register/pricing/bloghttps://docs.webscrapingapi.com//contacthttps://app.webscrapingapi.com/login/https://app.webscrapingapi.com/register/blog/category/science-of-web-scraping/category/use-cases/category/guides/category/engineeringhttps://www.webscrapingapi.com/web-scraping-business-use-cases/https://www.webscrapingapi.com/pricing/https://www.w3schools.com/tags/ref_httpmethods.asphttps://developer.mozilla.org/en-US/docs/Web/HTTP/Headershttps://foodnetwork.co.uk/italian-family-dinners/https://www.java.com/en/download/help/download_options.htmlhttps://gradle.org/install/https://www.jetbrains.com/idea/download/#section=windowshttps://htmlunit.sourceforge.iohttps://www.jetbrains.com/help/idea/getting-started-with-gradle.htmlhttps://rmhsolutions.com/softwarestestingtrends/understanding-xpath-to-write-better-xpath-locators/https://www.webscrapingapi.com/pricing//java-web-scraping#understanding-web-scraping/java-web-scraping#understanding-the-web/java-web-scraping#understanding-java/java-web-scraping#making-your-own-web-scraper/java-web-scraping#step-1:-set-up-the-environment/java-web-scraping#step-2:-inspect-the-page-you-want-to-scrape/java-web-scraping#step-3:-send-an-http-request-and-scrape-the-html/java-web-scraping#step-4:-extracting-specific-sections/java-web-scraping#step-5:-export-the-data-to-csv/java-web-scraping#conclusion-and-alternativeshttps://app.webscrapingapi.com/registerhttps://twitter.com/intent/tweet/?url=undefinedhttps://www.linkedin.com/shareArticle?mini=true&url=undefinedhttps://www.facebook.com/sharer/sharer.php?u=undefined/category/guides/scraping-with-cheerio-easily-collect-data-from-web-pages/category/guides/how-to-use-node-fetch-to-make-http-requests-in-node-js/category/guides/top-3-python-http-clients-for-web-scraping/scraper-api/serp-api/amazon-api/pricing/legal/terms-of-service/legal/privacy-policy/legal/cookie-policy/legal/service-agreement/legal/gdpr/contacthttps://docs.webscrapingapi.com//sdk/bloghttps://status.webscrapingapi.com//webscrapingapi-guide/python-web-scraping/php-web-scraping/java-web-scraping/ruby-web-scraping/the-ultimate-guide-to-web-scraping-with-javascript-and-node-js/web-scraping-r-data-science/create-your-own-web-scraper-in-c-in-just-a-few-minutes/the-ultimate-guide-on-how-to-start-web-scraping-with-elixir/learn-web-scraping-with-rust/the-ultimate-guide-on-how-to-start-web-scraping-with-go/beginners-guide-extracting-data-apis/ultimate-list-web-scraping-tools/web-scraping-tips/best-shared-dedicated-proxy-providers/web-scraping-free-proxy-lists/web-scraping-vs-web-crawlinghttps://www.facebook.com/webscrapingapidevhttps://www.instagram.com/webscrapingapihttps://www.linkedin.com/company/webscrapingapi/id,name,link
The Complete Guide to Web Scraping with Java - WebScrapingAPI
/
/
/pricing
/blog
https://docs.webscrapingapi.com/
/contact
https://app.webscrapingapi.com/login
https://app.webscrapingapi.com/register
/pricing
/blog
https://docs.webscrapingapi.com/
/contact
https://app.webscrapingapi.com/login/
https://app.webscrapingapi.com/register
/blog
/category/science-of-web-scraping
/category/use-cases
/category/guides
/category/engineering
https://www.webscrapingapi.com/web-scraping-business-use-cases/
https://www.webscrapingapi.com/pricing/
https://www.w3schools.com/tags/ref_httpmethods.asp
https://developer.mozilla.org/en-US/docs/Web/HTTP/Headers
https://foodnetwork.co.uk/italian-family-dinners/
https://www.java.com/en/download/help/download_options.html
https://gradle.org/install/
https://www.jetbrains.com/idea/download/#section=windows
https://htmlunit.sourceforge.io
https://www.jetbrains.com/help/idea/getting-started-with-gradle.html
https://rmhsolutions.com/softwarestestingtrends/understanding-xpath-to-write-better-xpath-locators/
https://www.webscrapingapi.com/pricing/
/java-web-scraping#understanding-web-scraping
/java-web-scraping#understanding-the-web
/java-web-scraping#understanding-java
/java-web-scraping#making-your-own-web-scraper
/java-web-scraping#step-1:-set-up-the-environment
/java-web-scraping#step-2:-inspect-the-page-you-want-to-scrape
/java-web-scraping#step-3:-send-an-http-request-and-scrape-the-html
/java-web-scraping#step-4:-extracting-specific-sections
/java-web-scraping#step-5:-export-the-data-to-csv
/java-web-scraping#conclusion-and-alternatives
https://app.webscrapingapi.com/register
https://twitter.com/intent/tweet/?url=undefined
https://www.linkedin.com/shareArticle?mini=true&url=undefined
https://www.facebook.com/sharer/sharer.php?u=undefined
/category/guides
/scraping-with-cheerio-easily-collect-data-from-web-pages
/category/guides
/how-to-use-node-fetch-to-make-http-requests-in-node-js
/category/guides
/top-3-python-http-clients-for-web-scraping
/scraper-api
/serp-api
/amazon-api
/pricing
/legal/terms-of-service
/legal/privacy-policy
/legal/cookie-policy
/legal/service-agreement
/legal/gdpr
/contact
https://docs.webscrapingapi.com/
/sdk
/blog
https://status.webscrapingapi.com/
/webscrapingapi-guide
/python-web-scraping
/php-web-scraping
/java-web-scraping
/ruby-web-scraping
/the-ultimate-guide-to-web-scraping-with-javascript-and-node-js
/web-scraping-r-data-science
/create-your-own-web-scraper-in-c-in-just-a-few-minutes
/the-ultimate-guide-on-how-to-start-web-scraping-with-elixir
/learn-web-scraping-with-rust
/the-ultimate-guide-on-how-to-start-web-scraping-with-go
/beginners-guide-extracting-data-apis
/ultimate-list-web-scraping-tools
/web-scraping-tips
/best-shared-dedicated-proxy-providers
/web-scraping-free-proxy-lists
/web-scraping-vs-web-crawling
https://www.facebook.com/webscrapingapidev
https://www.instagram.com/webscrapingapi
https://www.linkedin.com/company/webscrapingapi/
